{
  "label_names": {
    "0": "COMPLETED",
    "1": "TERMINATED",
    "2": "WITHDRAWN"
  },
  "data_path": "data\\model_ready.parquet",
  "split_year": 2019,
  "models": [
    {
      "name": "Random Forest",
      "slug": "random_forest",
      "accuracy": 0.6139801773604591,
      "macro_f1": 0.5879329386692487,
      "weighted_f1": 0.6116555745372922,
      "classification_report": {
        "COMPLETED": {
          "precision": 0.6919784105713754,
          "recall": 0.6051432291666666,
          "f1-score": 0.6456542502387774,
          "support": 6144.0
        },
        "TERMINATED": {
          "precision": 0.5596550071873503,
          "recall": 0.7120503962609226,
          "f1-score": 0.6267215167233053,
          "support": 4921.0
        },
        "WITHDRAWN": {
          "precision": 0.5697478991596638,
          "recall": 0.4320305862361937,
          "f1-score": 0.4914230490456632,
          "support": 2354.0
        },
        "accuracy": 0.6139801773604591,
        "macro avg": {
          "precision": 0.6071271056394633,
          "recall": 0.583074737221261,
          "f1-score": 0.5879329386692487,
          "support": 13419.0
        },
        "weighted avg": {
          "precision": 0.6220108949654468,
          "recall": 0.6139801773604591,
          "f1-score": 0.6116555745372922,
          "support": 13419.0
        }
      },
      "confusion_matrix": [
        [
          3718,
          1904,
          522
        ],
        [
          1171,
          3504,
          246
        ],
        [
          484,
          853,
          1017
        ]
      ],
      "train_rows": 40209,
      "test_rows": 13419,
      "num_features": 144,
      "split_year": 2019,
      "training_seconds": 36.07
    },
    {
      "name": "XGBoost",
      "slug": "xgboost",
      "accuracy": 0.5810418063939191,
      "macro_f1": 0.5653388001016798,
      "weighted_f1": 0.5819348015062986,
      "classification_report": {
        "COMPLETED": {
          "precision": 0.7496091714434602,
          "recall": 0.46826171875,
          "f1-score": 0.576437587657784,
          "support": 6144.0
        },
        "TERMINATED": {
          "precision": 0.5714054141676123,
          "recall": 0.7163178215809795,
          "f1-score": 0.6357078449053201,
          "support": 4921.0
        },
        "WITHDRAWN": {
          "precision": 0.40885111371629546,
          "recall": 0.592608326253186,
          "f1-score": 0.4838709677419355,
          "support": 2354.0
        },
        "accuracy": 0.5810418063939191,
        "macro avg": {
          "precision": 0.5766218997757893,
          "recall": 0.5923959555280551,
          "f1-score": 0.5653388001016798,
          "support": 13419.0
        },
        "weighted avg": {
          "precision": 0.624481728456338,
          "recall": 0.5810418063939191,
          "f1-score": 0.5819348015062986,
          "support": 13419.0
        }
      },
      "confusion_matrix": [
        [
          2877,
          1913,
          1354
        ],
        [
          733,
          3525,
          663
        ],
        [
          228,
          731,
          1395
        ]
      ],
      "train_rows": 40209,
      "test_rows": 13419,
      "num_features": 144,
      "split_year": 2019,
      "training_seconds": 42.52
    }
  ]
}